{"cameraMode":{"drawMode":0,"name":"Shaded","section":"Shading Mode"},"sceneLighting":false,"audioPlay":false,"sceneViewState":{"showFog":true,"showMaterialUpdate":false,"showSkybox":false,"showFlares":true,"showImageEffects":true,"showParticleSystems":true},"in2DMode":false,"pivot":{"x":-10.209470748901368,"y":1.9311403036117554,"z":-9.001097679138184},"rotation":{"x":-0.12206076085567475,"y":-0.24533972144126893,"z":0.031154433265328409,"w":-0.9612182378768921},"size":2.1658480167388918,"orthographic":false}